Year,Pos,Pts,Reb,Ast,Stl,Blk,Tov,PF,FG%,3PT%,FT%,TS%,PER,3PAr,FTr,TRB%,AST%,STL%,BLK%,TOV%,USG%
2021,AVERAGE,12.67042254,4.823239437,2.840140845,0.841901408,0.507746479,1.48028169,2.051408451,0.464067952,0.356927444,0.785465197,0.571637324,15.18697183,0.40018662,0.247373239,9.951760563,15.46408451,1.556338028,1.78556338,11.70035211,19.84859155
2021,C,12.23673469,8.010204082,1.97755102,0.687755102,1.012244898,1.473469388,2.467346939,0.558022923,0.343957503,0.71978393,0.623387755,19.39591837,0.164816327,0.364081633,17.23061224,11.80204082,1.324489796,3.695918367,13.22244898,19.16326531
2021,PF,12.50727273,5.521818182,2.172727273,0.781818182,0.652727273,1.314545455,2.130909091,0.470533033,0.352334152,0.788858322,0.575309091,15.32,0.405418182,0.254127273,11.24909091,11.67090909,1.44,2.269090909,10.76727273,19.18909091
2021,PG,13.91754386,3.7,4.91754386,0.996491228,0.321052632,1.964912281,1.975438596,0.437596302,0.354374308,0.816223067,0.545947368,15.22631579,0.421631579,0.22677193,7.214035088,26.07192982,1.807017544,1.050877193,13.49824561,21.94385965
2021,SF,12.65283019,4.294339623,2.283018868,0.860377358,0.39245283,1.316981132,1.981132075,0.455074095,0.361572052,0.790161414,0.567301887,13.94528302,0.445603774,0.228339623,8.786792453,12.30377358,1.573584906,1.379245283,10.47169811,19.27169811
2021,SG,12.1,3.358571429,2.698571429,0.857142857,0.28,1.344285714,1.812857143,0.434479818,0.361342128,0.813284133,0.556728571,13.04428571,0.508985714,0.191557143,6.948571429,14.76285714,1.592857143,0.974285714,10.83428571,19.57714286
2020,C,11.50784314,7.580392157,1.756862745,0.643137255,1.101960784,1.321568627,2.38627451,0.5518902,0.36155914,0.723373838,0.620137255,18.7627451,0.151294118,0.351823529,16.85098039,10.46862745,1.268627451,4.088235294,12.94509804,18.18235294
2020,PF,11.36825397,5.16031746,2.223809524,0.755555556,0.561904762,1.322222222,2.022222222,0.475874439,0.365487155,0.757887517,0.568206349,14.20952381,0.406952381,0.238142857,11.08730159,12.03492063,1.446031746,2.033333333,11.85396825,18.43492063
2020,PG,14.19672131,3.66557377,4.831147541,1.001639344,0.293442623,1.937704918,1.770491803,0.44905606,0.37075438,0.812354312,0.556409836,15.89836066,0.408245902,0.22957377,7.193442623,25.80655738,1.816393443,0.957377049,13.06721311,22.40491803
2020,SF,12.32444444,4.46,2.395555556,0.875555556,0.426666667,1.337777778,1.955555556,0.456317358,0.376571141,0.805168986,0.568822222,13.59555556,0.476911111,0.218444444,9.053333333,12.73555556,1.606666667,1.455555556,11.58,18.59111111
2020,SG,12.48133333,3.316,2.513333333,0.797333333,0.321333333,1.316,1.870666667,0.441180328,0.373423045,0.809612984,0.562813333,13.16933333,0.497026667,0.197893333,7.069333333,14.07733333,1.496,1.110666667,10.62,20.032
2020,AVERAGE,12.40610169,4.693898305,2.782033898,0.815932203,0.517966102,1.450169492,1.98440678,0.468188322,0.371057348,0.782342292,0.573467797,14.98779661,0.39659322,0.242786441,9.946779661,15.2379661,1.529152542,1.843389831,11.9379661,19.6420339
2019,AVERAGE,12.12586207,4.760344828,2.645172414,0.811034483,0.51862069,1.490689655,2.122758621,0.463200808,0.362653003,0.778127566,0.567048276,14.99310345,0.386544828,0.25587931,10.11448276,14.82896552,1.505517241,1.854827586,12.27586207,19.47310345
2019,C,10.80535714,7.125,1.605357143,0.610714286,1.085714286,1.276785714,2.5125,0.54055289,0.350220264,0.699718706,0.609821429,18.31428571,0.187375,0.343821429,16.44107143,10.07857143,1.260714286,4.242857143,12.82321429,18.125
2019,PF,11.77142857,5.631746032,1.973015873,0.726984127,0.56984127,1.358730159,2.112698413,0.468041237,0.36155914,0.770039422,0.567396825,14.70634921,0.421444444,0.24084127,11.74126984,11.09365079,1.350793651,1.907936508,11.54126984,18.84603175
2019,PG,13.2147541,3.539344262,4.740983607,0.962295082,0.249180328,2.008196721,1.895081967,0.445451752,0.356336261,0.805084746,0.546278689,15.4557377,0.370967213,0.254131148,7.162295082,26.61803279,1.772131148,0.837704918,14.59836066,21.79672131
2019,SF,11.82884615,4.121153846,2.117307692,0.888461538,0.388461538,1.284615385,2.107692308,0.448720573,0.368913858,0.80708986,0.562980769,13.26346154,0.467057692,0.233192308,8.457692308,11.45192308,1.601923077,1.323076923,11.10384615,18.24423077
2019,SG,12.90689655,3.387931034,2.648275862,0.867241379,0.315517241,1.481034483,2.010344828,0.433746736,0.368036212,0.807831762,0.550862069,13.16206897,0.485137931,0.209482759,6.829310345,14.10172414,1.543103448,1.037931034,11.15344828,20.1137931
2018,C,11.60877193,7.550877193,1.826315789,0.677192982,1.073684211,1.371929825,2.489473684,0.547838859,0.334951456,0.717561859,0.603982456,19.63684211,0.121368421,0.356333333,17.06140351,11.51578947,1.347368421,3.856140351,12.75438596,19.4245614
2018,PF,11.06842105,5.429824561,1.840350877,0.671929825,0.531578947,1.280701754,2.231578947,0.467042935,0.359192349,0.766104294,0.567912281,14.27719298,0.408245614,0.242684211,11.74385965,10.39298246,1.285964912,1.864912281,11.49473684,18.44561404
2018,PG,12.7704918,3.473770492,4.759016393,0.975409836,0.286885246,1.868852459,1.936065574,0.442211838,0.357389801,0.795679012,0.540606557,15.15737705,0.350409836,0.239245902,6.927868852,25.85409836,1.750819672,0.878688525,13.67377049,21.11147541
2018,SF,11.89583333,4.397916667,2.208333333,0.927083333,0.458333333,1.3,2.08125,0.452937323,0.357064018,0.770657673,0.555458333,13.51666667,0.417958333,0.235708333,8.95625,11.5375,1.629166667,1.485416667,10.88333333,18.47708333
2018,SG,12.21081081,3.251351351,2.468918919,0.8,0.301351351,1.383783784,1.951351351,0.433637687,0.363690654,0.80239899,0.543891892,12.70945946,0.46377027,0.204094595,6.762162162,13.83783784,1.482432432,1.002702703,11.11756757,20.1472973
2018,AVERAGE,11.94006734,4.725589226,2.653198653,0.808417508,0.516161616,1.447811448,2.126262626,0.463812184,0.35839599,0.770235342,0.561228956,14.97306397,0.356713805,0.253047138,10.08350168,14.82727273,1.497643098,1.768350168,11.99124579,19.61010101
2017,AVERAGE,11.36802721,4.569727891,2.504081633,0.814285714,0.509863946,1.456802721,2.024829932,0.462386004,0.363908275,0.771699489,0.557044218,14.92244898,0.335880952,0.24937415,10.11530612,14.64455782,1.576190476,1.77244898,12.63945578,19.49829932
2017,C,10.5,7.1,1.667741935,0.614516129,0.946774194,1.403225806,2.361290323,0.530544626,0.354489164,0.711302211,0.589387097,18.20806452,0.109854839,0.341790323,16.75806452,10.88225806,1.333870968,3.587096774,13.78870968,18.91774194
2017,PF,11.31016949,5.394915254,1.786440678,0.696610169,0.603389831,1.293220339,2.049152542,0.465398247,0.360869565,0.759107807,0.556644068,14.74237288,0.373389831,0.235644068,11.85762712,10.47966102,1.345762712,2.033898305,11.65932203,19.1220339
2017,PG,12.10344828,3.387931034,4.674137931,1.018965517,0.267241379,1.920689655,1.918965517,0.438999315,0.36023622,0.802197802,0.535258621,15.29137931,0.346241379,0.238482759,7.04137931,27.1637931,1.915517241,0.836206897,15.01896552,21.41034483
2017,SF,10.96666667,3.862222222,1.944444444,0.915555556,0.431111111,1.251111111,2.026666667,0.449727588,0.364043506,0.785097192,0.552422222,12.74666667,0.401955556,0.220133333,8.08,10.62,1.7,1.364444444,11.26,17.77777778
2017,SG,11.83428571,3.067142857,2.411428571,0.855714286,0.295714286,1.39,1.792857143,0.439200118,0.370332654,0.810666667,0.549757143,13.25714286,0.4534,0.206914286,6.618571429,13.70142857,1.624285714,0.982857143,11.36285714,19.85142857
2016,C,10.29836066,6.854098361,1.455737705,0.632786885,0.960655738,1.296721311,2.367213115,0.532069039,0.357009346,0.68816531,0.585393443,17.97213115,0.094393443,0.344836066,16.45737705,9.829508197,1.41147541,3.485245902,13.25245902,18.94098361
2016,PF,10.33928571,5.417857143,1.639285714,0.685714286,0.576785714,1.191071429,2.057142857,0.461635485,0.347095871,0.760942761,0.545928571,14.26071429,0.322410714,0.238625,12.28928571,10.01607143,1.371428571,1.871428571,11.55535714,18.60178571
2016,PG,12.53220339,3.096610169,4.737288136,0.966101695,0.220338983,1.945762712,1.9,0.437458194,0.362389814,0.827405248,0.532915254,15.28474576,0.340610169,0.263779661,6.423728814,27.44067797,1.842372881,0.686440678,14.91355932,21.45762712
2016,SF,10.98947368,4.284210526,1.884210526,0.914035088,0.426315789,1.201754386,1.931578947,0.449413635,0.353778751,0.788336933,0.544964912,13.42105263,0.390368421,0.253403509,9.075438596,10.73508772,1.740350877,1.359649123,10.93684211,18.15964912
2016,SG,11.52272727,2.990909091,2.221212121,0.821212121,0.274242424,1.301515152,1.822727273,0.432777078,0.372774481,0.811859444,0.544484848,12.71212121,0.446818182,0.20319697,6.340909091,12.79090909,1.56969697,0.872727273,11.27575758,19.48181818
2016,AVERAGE,11.14882943,4.501003344,2.388294314,0.80367893,0.489297659,1.387959866,2.013712375,0.459441316,0.360928705,0.775465196,0.550909699,14.7180602,0.319899666,0.260254181,10.05652174,14.16588629,1.586622074,1.648829431,12.38461538,19.34448161
2015,AVERAGE,10.86755853,4.514715719,2.356521739,0.823076923,0.506354515,1.447157191,2.057525084,0.452774343,0.355532111,0.764034253,0.540033445,14.70702341,0.285090301,0.270183946,10.07056856,14.17023411,1.610367893,1.633444816,12.80635452,19.54314381
2015,C,10.56037736,7.213207547,1.373584906,0.647169811,1.133962264,1.403773585,2.424528302,0.518380642,0.330188679,0.670862177,0.564433962,17.69433962,0.044584906,0.386490566,16.42641509,8.913207547,1.326415094,3.724528302,13.41132075,19.42264151
2015,PF,9.5453125,5.5234375,1.475,0.6421875,0.6,1.14375,2.0953125,0.468712635,0.357821953,0.736370426,0.543109375,14.921875,0.23178125,0.26490625,13.1828125,9.740625,1.375,2.034375,12.0453125,18.4015625
2015,PG,12.13666667,3.22,4.763333333,1.076666667,0.235,2.016666667,1.996666667,0.431743958,0.355509356,0.804294479,0.526866667,15.37166667,0.32615,0.254733333,6.535,27.84166667,1.998333333,0.675,15.51833333,21.59
2015,SF,10.75,4.015517241,1.875862069,0.865517241,0.346551724,1.315517241,1.943103448,0.438230709,0.349534643,0.791666667,0.537017241,13.03448276,0.387241379,0.240448276,8.643103448,10.88275862,1.672413793,1.082758621,11.92758621,18.53103448
2015,SG,11.3609375,2.9375,2.23125,0.8734375,0.2921875,1.371875,1.8765625,0.426867135,0.361629881,0.820618557,0.531828125,12.9109375,0.4065,0.220578125,6.303125,13.115625,1.6609375,0.8984375,11.3203125,19.7828125
2014,C,9.635714286,7.085714286,1.285714286,0.580357143,1.083928571,1.369642857,2.442857143,0.513328615,0.31496063,0.672960216,0.551482143,17.00357143,0.029053571,0.368696429,16.61428571,8.632142857,1.230357143,3.65,14.26428571,18.74821429
2014,PF,10.17540984,5.627868852,1.486885246,0.670491803,0.621311475,1.16557377,2.163934426,0.471940764,0.344573235,0.720445063,0.535786885,15.44590164,0.195934426,0.286868852,12.89672131,9.537704918,1.409836066,1.967213115,11.07377049,19.06229508
2014,PG,12.025,3.081666667,4.77,1.031666667,0.205,1.998333333,1.96,0.42803402,0.34939759,0.808353808,0.523883333,15.48333333,0.319166667,0.2564,6.27,28.11166667,1.895,0.56,15.30833333,21.58
2014,SF,10.338,4.006,1.774,0.828,0.354,1.212,1.828,0.440574253,0.36265137,0.769436997,0.5447,13.342,0.40238,0.24398,8.578,10.498,1.61,1.132,11.474,17.862
2014,SG,12.05666667,3.135,2.471666667,0.923333333,0.28,1.515,1.943333333,0.428102429,0.365015618,0.802526596,0.533016667,13.73666667,0.3919,0.231083333,6.473333333,14.55833333,1.755,0.855,11.90666667,20.76666667
2014,AVERAGE,10.87839721,4.57630662,2.38989547,0.808710801,0.506620209,1.460627178,2.071080139,0.452838225,0.356291391,0.755437814,0.537334495,15.03379791,0.266069686,0.27733101,10.14146341,14.46097561,1.583275261,1.623344948,12.82543554,19.67456446
2013,AVERAGE,11.07526882,4.55125448,2.449103943,0.837634409,0.489964158,1.516129032,2.131899642,0.457140592,0.361833953,0.761300992,0.541082437,14.8437276,0.257774194,0.284290323,10.06451613,14.37168459,1.634050179,1.549820789,13.27885305,19.47562724
2013,C,9.736170213,7.076595745,1.317021277,0.604255319,1.031914894,1.404255319,2.485106383,0.514454112,0.305343511,0.687053217,0.555106383,16.52340426,0.028744681,0.375531915,16.51276596,8.417021277,1.291489362,3.457446809,14.73617021,18.30851064
2013,PF,11.34,6.04,1.556666667,0.683333333,0.66,1.348333333,2.273333333,0.48629386,0.348745046,0.732100239,0.548266667,16.17,0.146966667,0.304933333,13.63,9.753333333,1.37,2.065,12.10666667,19.98666667
2013,PG,12.09827586,2.936206897,4.932758621,1.087931034,0.194827586,2.046551724,2.025862069,0.42660784,0.358609795,0.808497537,0.525844828,15.06206897,0.331913793,0.256275862,5.898275862,27.75689655,1.979310345,0.537931034,15.59655172,21.06034483
2013,SF,10.14482759,4.160344828,1.917241379,0.910344828,0.40862069,1.301724138,2.010344828,0.441726619,0.364739884,0.765687053,0.539758621,13.06724138,0.372068966,0.249844828,8.979310345,10.82586207,1.756896552,1.256896552,12.07413793,17.46896552
2013,SG,11.81964286,2.914285714,2.333928571,0.864285714,0.242857143,1.4625,1.919642857,0.437097071,0.371325425,0.803198887,0.538767857,13.62678571,0.373553571,0.250285714,6.271428571,14.12678571,1.719642857,0.748214286,12.15892857,20.34464286
2012,C,9.110714286,6.478571429,1.15,0.5875,1.132142857,1.314285714,2.351785714,0.512117503,0.19047619,0.680835198,0.545839286,15.92857143,0.008785714,0.350892857,15.51428571,7.416071429,1.3,3.832142857,14.50714286,17.93571429
2012,PF,11.17241379,6.234482759,1.581034483,0.725862069,0.710344828,1.386206897,2.262068966,0.479291045,0.352685051,0.722843976,0.533551724,15.97241379,0.132913793,0.285241379,13.94310345,9.720689655,1.484482759,2.110344828,12.11551724,20.28103448
2012,PG,11.89056604,2.743396226,5.132075472,1.109433962,0.203773585,2.066037736,1.979245283,0.435151973,0.36993865,0.819140919,0.533207547,15.66603774,0.332528302,0.237528302,5.701886792,29.52075472,2.081132075,0.577358491,16.01698113,21.13207547
2012,SF,9.901724138,3.965517241,1.829310345,0.846551724,0.415517241,1.253448276,1.772413793,0.430408629,0.361529548,0.785306122,0.530362069,13.03793103,0.36462069,0.250551724,8.848275862,10.69655172,1.70862069,1.229310345,11.67413793,18.04137931
2012,SG,10.82424242,2.677272727,2.516666667,0.86969697,0.251515152,1.457575758,1.681818182,0.43033128,0.360077332,0.79623621,0.52980303,13.45606061,0.361727273,0.236090909,6.062121212,15.83636364,1.789393939,0.777272727,12.63787879,20.45454545
2012,AVERAGE,10.5742268,4.386597938,2.40652921,0.825773196,0.536426117,1.485910653,1.99862543,0.454673445,0.361111111,0.760391198,0.534367698,14.75257732,0.243460481,0.271123711,9.941580756,14.46494845,1.671477663,1.684536082,13.31683849,19.57766323
2011,AVERAGE,10.46549296,4.436267606,2.28556338,0.81971831,0.532042254,1.479929577,2.004929577,0.45104108,0.35396967,0.760321101,0.527679577,14.87535211,0.226309859,0.278302817,10.05035211,14.02464789,1.662676056,1.667605634,13.47429577,19.47640845
2011,C,9.014285714,6.606122449,1.146938776,0.636734694,1.130612245,1.32244898,2.348979592,0.503979534,0.260273973,0.679395386,0.538897959,16.04489796,0.013857143,0.366734694,15.79591837,7.491836735,1.416326531,3.730612245,14.95102041,17.55102041
2011,PF,10.16825397,5.96031746,1.222222222,0.674603175,0.711111111,1.268253968,2.295238095,0.47831825,0.354316547,0.717639594,0.530809524,15.58571429,0.100888889,0.299031746,13.8,8.050793651,1.466666667,2.287301587,12.62698413,19.02222222
2011,PG,11.50555556,2.751851852,5.007407407,1.074074074,0.2,2.105555556,1.825925926,0.42938281,0.35151117,0.819225251,0.522759259,15.63518519,0.306611111,0.248685185,5.698148148,29.56481481,2.027777778,0.551851852,16.62592593,21.37592593
2011,SF,10.22857143,4.173214286,1.935714286,0.855357143,0.4375,1.341071429,1.817857143,0.432476876,0.347593583,0.774343122,0.518535714,13.43392857,0.3365,0.248446429,9.05,11.60357143,1.696428571,1.264285714,12.05714286,18.56785714
2011,SG,11.22258065,2.877419355,2.211290323,0.858064516,0.251612903,1.4,1.762903226,0.429683534,0.364147089,0.807560137,0.528177419,13.86935484,0.352193548,0.240112903,6.393548387,13.90967742,1.708064516,0.743548387,11.70322581,20.62580645
2010,C,9.259259259,6.346296296,1.233333333,0.572222222,1.064814815,1.324074074,2.611111111,0.510507432,0.283783784,0.68086545,0.547814815,15.13888889,0.015203704,0.407407407,15.25555556,7.824074074,1.235185185,3.333333333,14.45925926,17.67037037
2010,PF,11.69411765,6.423529412,1.48627451,0.709803922,0.684313725,1.32745098,2.51372549,0.488720219,0.361666667,0.755782313,0.55127451,16.20784314,0.131019608,0.300235294,13.85098039,8.668627451,1.376470588,2.011764706,11.45882353,19.52156863
2010,PG,11.2490566,2.701886792,5.173584906,1.030188679,0.173584906,2.047169811,1.930188679,0.434447822,0.355003652,0.829489867,0.529490566,15.08113208,0.292283019,0.271528302,5.762264151,29.79056604,1.935849057,0.498113208,16.56792453,20.78301887
2010,SF,11.48113208,4.175471698,1.928301887,0.847169811,0.454716981,1.364150943,2.028301887,0.447437186,0.361942781,0.778561354,0.539943396,13.83773585,0.322264151,0.271169811,8.839622642,10.86415094,1.58490566,1.243396226,11.2509434,19.21132075
2010,SG,11.8234375,2.95,2.2890625,0.8578125,0.259375,1.3875,1.884375,0.435623003,0.367426079,0.816918429,0.53865625,13.7703125,0.3481875,0.249546875,6.521875,13.7390625,1.6953125,0.7328125,11.3703125,20.5171875
2010,AVERAGE,11.11927273,4.449454545,2.419272727,0.805454545,0.517454545,1.486545455,2.180363636,0.459681644,0.361205206,0.772977325,0.541276364,14.75672727,0.226756364,0.298349091,9.896363636,14.17672727,1.570909091,1.533818182,12.972,19.57309091
2009,AVERAGE,11.25848375,4.542238267,2.406859206,0.79566787,0.519855596,1.496750903,2.201083032,0.462339617,0.355396967,0.76555149,0.54099639,14.74187726,0.225418773,0.297400722,9.970397112,13.89061372,1.528880866,1.540433213,12.90036101,19.61696751
2009,C,10.262,6.836,1.286,0.534,1.106,1.422,2.698,0.517074414,0.327683616,0.699724518,0.56012,15.99,0.04334,0.38302,15.49,7.69,1.104,3.408,14.126,18.326
2009,PF,11.52,6.396363636,1.429090909,0.747272727,0.729090909,1.381818182,2.563636364,0.485415845,0.34681182,0.742358079,0.544181818,15.93454545,0.119909091,0.321381818,14.05454545,8.318181818,1.441818182,2.189090909,12.05454545,19.78727273
2009,PG,11.06885246,2.604918033,4.632786885,0.959016393,0.147540984,1.854098361,1.916393443,0.44044665,0.363348129,0.802770449,0.532491803,14.62786885,0.294491803,0.25742623,5.603278689,26.83278689,1.852459016,0.439344262,15.31311475,20.38852459
2009,SF,11.23888889,4.209259259,1.877777778,0.82037037,0.431481481,1.338888889,1.977777778,0.446110211,0.351219512,0.78340081,0.535574074,13.48333333,0.304907407,0.272388889,9.016666667,10.58518519,1.555555556,1.203703704,11.50740741,18.94074074
2009,SG,12.10175439,3.129824561,2.452631579,0.873684211,0.285964912,1.440350877,1.931578947,0.4397463,0.357586012,0.796747967,0.535385965,13.81052632,0.337719298,0.265631579,6.764912281,13.9877193,1.614035088,0.773684211,11.37894737,20.4
2008,C,9.491803279,6.583606557,1.157377049,0.529508197,1.08852459,1.319672131,2.681967213,0.519643673,0.338461538,0.699766355,0.557836066,15.71311475,0.02342623,0.397819672,15.58688525,7.3,1.172131148,3.550819672,14.2852459,17.56885246
2008,PF,11.2375,5.9875,1.367857143,0.721428571,0.630357143,1.369642857,2.569642857,0.47840796,0.371391076,0.75408805,0.547482143,15.29464286,0.143535714,0.324625,13.6625,8.158928571,1.423214286,1.9625,12.34464286,19.47142857
2008,PG,11.66346154,2.896153846,4.901923077,1.075,0.148076923,1.907692308,1.971153846,0.43702519,0.367765568,0.820301783,0.530019231,14.86153846,0.283884615,0.2825,5.961538462,27.13076923,1.973076923,0.384615385,15.38846154,20.08269231
2008,SF,11.52166667,4.193333333,1.995,0.855,0.441666667,1.38,2.066666667,0.445014144,0.366666667,0.786194258,0.53475,13.38166667,0.307366667,0.259583333,8.791666667,10.99166667,1.595,1.205,11.60333333,18.68166667
2008,SG,12.46607143,3.055357143,2.4875,0.880357143,0.264285714,1.444642857,1.957142857,0.440331394,0.375397667,0.819292605,0.542178571,14.15714286,0.355392857,0.255339286,6.533928571,14.43214286,1.692857143,0.728571429,11.42678571,20.78214286
2008,AVERAGE,11.24280702,4.597192982,2.319649123,0.804210526,0.52877193,1.474035088,2.258245614,0.461646071,0.369788941,0.77389336,0.542789474,14.67894737,0.219554386,0.305298246,10.24315789,13.26561404,1.558947368,1.612631579,12.97894737,19.26701754
2007,AVERAGE,11.20863309,4.61618705,2.467266187,0.807194245,0.51942446,1.497841727,2.241366906,0.460341346,0.363471314,0.760547026,0.536294964,14.62410072,0.208874101,0.30452518,10.04568345,14.25791367,1.562230216,1.527697842,13.08848921,19.41258993
2007,C,9.812068966,6.972413793,1.244827586,0.55,1.101724138,1.418965517,2.60862069,0.504887474,0.340425532,0.698830409,0.542965517,15.23965517,0.031241379,0.396931034,15.64482759,7.689655172,1.14137931,3.239655172,14.72413793,17.95
2007,PF,10.71538462,5.986538462,1.484615385,0.767307692,0.657692308,1.315384615,2.528846154,0.476505625,0.338211382,0.733146067,0.537057692,15.10961538,0.130673077,0.321942308,13.43269231,8.892307692,1.538461538,2.065384615,12.21923077,19.20384615
2007,PG,10.38214286,2.626785714,4.760714286,0.980357143,0.141071429,1.723214286,1.948214286,0.437373328,0.359591539,0.797113071,0.523767857,14.27321429,0.283089286,0.245678571,5.592857143,27.50714286,1.898214286,0.391071429,15.04642857,19.3625
2007,SF,13.05625,4.5125,2.227083333,0.93125,0.485416667,1.560416667,2.272916667,0.453314752,0.372372372,0.776996805,0.5421875,14.6875,0.269229167,0.2951875,8.94375,11.86458333,1.629166667,1.279166667,11.52708333,20.125
2007,SG,12.2125,3.1859375,2.546875,0.828125,0.2359375,1.4734375,1.9078125,0.441389063,0.37012987,0.801108033,0.536171875,13.93125,0.3231875,0.265125,6.9421875,14.771875,1.61875,0.7203125,11.7703125,20.4171875
2006,C,10.07037037,6.927777778,1.235185185,0.562962963,1.181481481,1.6,2.892592593,0.518554928,0.327102804,0.667986425,0.553481481,15.59074074,0.018944444,0.435574074,15.6962963,7.472222222,1.140740741,3.492592593,15.62407407,17.9037037
2006,PF,9.45,5.403225806,1.353225806,0.606451613,0.522580645,1.34516129,2.451612903,0.469681184,0.352048558,0.736010533,0.530209677,14.0483871,0.13383871,0.337193548,13.39032258,8.677419355,1.346774194,1.819354839,14.08387097,18.80806452
2006,PG,10.55535714,2.619642857,4.625,0.967857143,0.119642857,1.848214286,2.021428571,0.426939266,0.350070721,0.804878049,0.517321429,14.4375,0.285267857,0.276125,5.842857143,27.84821429,1.898214286,0.355357143,15.95535714,20.04285714
2006,SF,12.43921569,4.435294118,2.001960784,0.921568627,0.503921569,1.564705882,2.317647059,0.4556587,0.368024133,0.7699938,0.545980392,14.65686275,0.283313725,0.303705882,9.052941176,11.01764706,1.62745098,1.350980392,12.14509804,19.67254902
2006,SG,12.66769231,3.186153846,2.763076923,0.918461538,0.241538462,1.656923077,2.096923077,0.444901692,0.370739381,0.802093245,0.5428,14.52769231,0.298461538,0.302230769,6.735384615,15.85538462,1.698461538,0.643076923,12.66,20.51076923
2006,AVERAGE,11.03680556,4.476041667,2.400347222,0.794791667,0.501041667,1.6,2.346875,0.459950551,0.36153704,0.756430011,0.537701389,14.62916667,0.205364583,0.329944444,10.08506944,14.21354167,1.544444444,1.5,14.071875,19.41597222
2005,AVERAGE,10.91827957,4.496415771,2.347670251,0.798924731,0.52437276,1.527598566,2.42688172,0.455622262,0.359293456,0.747801999,0.531129032,14.54408602,0.192053763,0.340512545,10.10537634,13.90143369,1.551612903,1.571326165,13.76057348,19.30752688
2005,C,7.822641509,5.98490566,0.860377358,0.471698113,1.073584906,1.264150943,2.837735849,0.507241814,0.171428571,0.661849711,0.540301887,14.03018868,0.013132075,0.455962264,15.15471698,5.737735849,1.049056604,3.622641509,16.01698113,16.1490566
2005,PF,11.04333333,6.07,1.64,0.656666667,0.671666667,1.401666667,2.578333333,0.473576479,0.351677852,0.726436782,0.53215,15.41666667,0.153383333,0.327033333,13.47666667,10.17833333,1.336666667,1.883333333,12.52,19.80833333
2005,PG,11.64067797,2.755932203,4.584745763,1.03559322,0.147457627,1.896610169,2.252542373,0.431097881,0.36311054,0.789925587,0.519966102,14.68474576,0.27479661,0.290118644,5.766101695,26.28983051,1.927118644,0.413559322,15.27457627,20.47966102
2005,SF,11.74150943,4.479245283,1.91509434,0.9,0.511320755,1.460377358,2.309433962,0.450340408,0.357522124,0.749434389,0.531773585,14.26792453,0.228188679,0.339150943,9.469811321,11.03773585,1.69245283,1.366037736,12.33207547,19.33396226
2005,SG,12.22037037,3.205555556,2.574074074,0.92037037,0.246296296,1.588888889,2.161111111,0.438206411,0.364775726,0.795673077,0.532555556,14.1962963,0.284759259,0.298574074,6.768518519,15.32592593,1.735185185,0.677777778,12.67222222,20.54444444
2004,C,8.227777778,5.95,0.898148148,0.511111111,1.081481481,1.222222222,2.792592593,0.5,0.33,0.683518006,0.537222222,14.51666667,0.028537037,0.418037037,14.93518519,6.035185185,1.157407407,3.446296296,14.59814815,16.77777778
2004,PF,11.77368421,6.69122807,1.61754386,0.743859649,0.824561404,1.519298246,2.635087719,0.462855062,0.34602649,0.745108408,0.527964912,15.93157895,0.125982456,0.343070175,13.90701754,9.805263158,1.449122807,2.201754386,12.55614035,20.40526316
2004,PG,11.03965517,2.668965517,4.810344828,1.053448276,0.139655172,1.848275862,2.113793103,0.425823159,0.35382603,0.798857868,0.5175,14.97586207,0.276965517,0.281689655,5.612068966,28.95689655,2.081034483,0.422413793,15.52586207,20.23448276
2004,SF,12.25964912,4.340350877,2.114035088,0.898245614,0.4,1.589473684,2.305263158,0.445542837,0.364714603,0.778415614,0.527947368,14.39298246,0.242596491,0.294421053,9.054385965,12.45087719,1.71754386,1.094736842,12.4245614,20.25438596
2004,SG,10.79666667,3.17,2.325,0.895,0.24,1.408333333,2.058333333,0.428890544,0.359269283,0.798088411,0.525133333,13.55,0.276583333,0.296016667,7.04,14.53333333,1.823333333,0.673333333,12.49,19.53166667
2004,AVERAGE,10.8472028,4.528321678,2.376573427,0.825174825,0.526923077,1.520629371,2.372377622,0.448900236,0.356916996,0.762219287,0.526993007,14.66433566,0.193038462,0.32520979,10.01118881,14.4965035,1.654195804,1.534615385,13.50384615,19.47237762
2003,AVERAGE,10.7034749,4.652895753,2.476061776,0.9003861,0.554826255,1.613513514,2.3,0.441117594,0.348562514,0.754648904,0.515787645,14.81621622,0.177328185,0.310501931,9.977606178,15.19420849,1.775289575,1.566409266,14.01505792,19.38918919
2003,C,7.734,5.97,0.994,0.554,1.132,1.202,2.662,0.485604607,0.290909091,0.670792079,0.52286,14.39,0.01134,0.38488,14.618,6.77,1.298,3.55,14.438,16.43
2003,PF,11.06315789,6.489473684,1.752631579,0.801754386,0.843859649,1.633333333,2.554385965,0.4622514,0.33747412,0.736269712,0.521350877,16.12631579,0.100842105,0.362947368,13.63157895,11.02982456,1.612280702,2.238596491,13.82105263,19.85087719
2003,PG,10.44615385,2.748076923,4.655769231,1.1,0.155769231,1.953846154,2.013461538,0.41600168,0.343005952,0.79029734,0.502711538,14.47692308,0.270269231,0.263615385,5.663461538,28.56538462,2.161538462,0.417307692,16.60384615,19.69615385
2003,SF,11.1673913,4.336956522,1.919565217,0.941304348,0.341304348,1.515217391,2.256521739,0.439153439,0.357642358,0.769662921,0.516108696,13.77826087,0.235913043,0.276195652,8.854347826,11.66956522,1.806521739,0.913043478,12.80434783,19.4
2003,SG,12.92592593,3.598148148,2.987037037,1.098148148,0.281481481,1.72962963,2.009259259,0.42126958,0.35286783,0.798283262,0.515685185,15.03888889,0.272351852,0.260648148,6.935185185,17.51666667,1.990740741,0.683333333,12.36666667,21.33703704
2002,C,7.851851852,5.966666667,1.096296296,0.572222222,1.1,1.257407407,2.65,0.477758521,0.32,0.686555891,0.518296296,14.20925926,0.013981481,0.384925926,14.57962963,7.37962963,1.333333333,3.32037037,14.71481481,16.78888889
2002,PF,12.01555556,6.942222222,1.962222222,0.862222222,0.806666667,1.686666667,2.644444444,0.461641392,0.330798479,0.732262383,0.519466667,16.04666667,0.115244444,0.339533333,13.90888889,11.20222222,1.575555556,2.028888889,13.58222222,20.01777778
2002,PG,10.43333333,2.72962963,4.290740741,1.007407407,0.148148148,1.768518519,1.944444444,0.425299216,0.350460123,0.806451613,0.510944444,14.43888889,0.27287037,0.255925926,5.844444444,26.04074074,1.959259259,0.416666667,15.5037037,19.52777778
2002,SF,11.31454545,4.5,2.005454545,0.947272727,0.414545455,1.54,2.361818182,0.440082645,0.355612682,0.786264891,0.518618182,13.84727273,0.235636364,0.263581818,9.230909091,11.79454545,1.783636364,1.1,12.66545455,19.34363636
2002,SG,11.75172414,3.389655172,2.527586207,0.996551724,0.29137931,1.553448276,1.996551724,0.42879257,0.355645707,0.7997558,0.51362069,14.30689655,0.249810345,0.268775862,7.363793103,15.63275862,1.95,0.793103448,12.8637931,20.33448276
2002,AVERAGE,10.64661654,4.609398496,2.391353383,0.879699248,0.539097744,1.556766917,2.303759398,0.443836189,0.350861688,0.763395964,0.516048872,14.51315789,0.180921053,0.300642857,10.01353383,14.52706767,1.728947368,1.502255639,13.85601504,19.1924812
2001,AVERAGE,10.69407407,4.621481481,2.438148148,0.865555556,0.565925926,1.524444444,2.275555556,0.447415767,0.353483146,0.756063563,0.518488889,14.58,0.172011111,0.302103704,10.01518519,14.66481481,1.702592593,1.58962963,13.51814815,19.32333333
2001,C,8.378846154,6.188461538,0.917307692,0.551923077,1.136538462,1.2,2.65,0.487517934,0.333333333,0.66930266,0.524038462,14.61153846,0.015903846,0.416346154,14.89423077,6.161538462,1.238461538,3.536538462,13.84038462,17.27115385
2001,PF,10.76603774,6.422641509,1.758490566,0.777358491,0.837735849,1.556603774,2.635849057,0.460553924,0.342657343,0.742182514,0.518301887,14.93207547,0.08154717,0.327377358,13.50566038,10.19056604,1.526415094,2.194339623,13.73773585,18.96981132
2001,PG,10.26666667,2.748148148,4.818518519,1.051851852,0.137037037,1.777777778,1.911111111,0.425102881,0.348652932,0.790453074,0.510314815,14.88333333,0.263777778,0.256351852,5.803703704,29.05,2.122222222,0.374074074,15.52037037,19.54074074
2001,SF,12.04528302,4.577358491,2.139622642,0.945283019,0.477358491,1.624528302,2.316981132,0.444322143,0.342857143,0.773849233,0.520075472,14.39056604,0.211320755,0.280320755,9.281132075,12.46226415,1.739622642,1.250943396,12.73773585,20.39811321
2001,SG,11.86724138,3.355172414,2.479310345,0.981034483,0.286206897,1.45862069,1.912068966,0.434340007,0.369340233,0.805536799,0.519844828,14.12068966,0.273275862,0.239086207,7.043103448,14.99655172,1.855172414,0.732758621,11.87758621,20.30172414
2000,C,8.192156863,6.417647059,0.968627451,0.560784314,1.250980392,1.31372549,2.743137255,0.474832703,0.214285714,0.666913397,0.515156863,14.50196078,0.011627451,0.379823529,15.18431373,6.639215686,1.278431373,3.668627451,14.66470588,17.23921569
2000,PF,10.66428571,6.141071429,1.666071429,0.753571429,0.789285714,1.551785714,2.623214286,0.458669355,0.346938776,0.724913495,0.516839286,14.94821429,0.101214286,0.355732143,13.27142857,9.991071429,1.503571429,2.1,13.575,19.36071429
2000,PG,9.858181818,2.712727273,4.705454545,1.045454545,0.138181818,1.801818182,1.958181818,0.42811973,0.3560477,0.788638262,0.508290909,14.37636364,0.242272727,0.2536,5.705454545,28.24,2.036363636,0.376363636,16.51272727,18.91454545
2000,SF,11.70185185,4.444444444,2.046296296,0.885185185,0.42962963,1.592592593,2.344444444,0.444300037,0.352716873,0.758576052,0.51462963,14.2,0.208148148,0.283277778,9.287037037,12.34444444,1.688888889,1.157407407,12.96851852,20.59259259
2000,SG,12.58367347,3.367346939,2.853061224,1.071428571,0.283673469,1.655102041,2.169387755,0.428405348,0.364760433,0.821544452,0.528387755,14.66326531,0.28177551,0.284877551,6.573469388,16.23673469,1.883673469,0.7,12.64081633,19.95918367
2000,AVERAGE,10.58754717,4.624150943,2.459622642,0.862641509,0.576226415,1.585283019,2.36754717,0.445035461,0.355396394,0.751900109,0.516426415,14.53849057,0.168426415,0.31130566,10.01886792,14.76792453,1.678867925,1.593207547,14.09811321,19.22150943
1999,AVERAGE,10.90965251,4.703088803,2.507722008,0.869111969,0.572200772,1.648262548,2.460617761,0.45082486,0.357032457,0.754161508,0.521223938,14.70849421,0.161204633,0.306602317,10.04671815,14.8023166,1.667181467,1.553281853,14.11467181,19.51698842
1999,C,9.166,6.43,1.058,0.546,1.248,1.444,2.948,0.482536271,0.208333333,0.684136967,0.51856,14.794,0.0108,0.38062,15.17,7.168,1.196,3.614,14.968,18.452
1999,PF,10.80740741,6.372222222,1.655555556,0.762962963,0.761111111,1.648148148,2.757407407,0.468503937,0.342364532,0.722119532,0.520777778,14.71481481,0.08862963,0.341888889,13.26851852,9.814814815,1.453703704,1.964814815,14.39814815,18.99259259
1999,PG,9.956603774,2.637735849,4.922641509,1.060377358,0.143396226,1.847169811,1.979245283,0.425091615,0.349656357,0.796183868,0.510735849,14.52075472,0.254773585,0.244264151,5.526415094,28.91698113,2.047169811,0.367924528,16.10188679,19.14716981
1999,SF,12.02413793,4.512068966,2.205172414,0.9,0.432758621,1.644827586,2.382758621,0.451879959,0.365292426,0.771970132,0.530534483,14.98448276,0.187948276,0.298068966,9.25862069,12.71034483,1.713793103,1.137931034,12.69137931,20.5137931
1999,SG,12.69545455,3.431818182,2.690909091,1.095454545,0.272727273,1.645454545,2.225,0.431721798,0.367731368,0.809235428,0.525159091,14.46590909,0.273227273,0.265522727,6.754545455,15.35454545,1.945454545,0.681818182,12.27954545,20.50227273
1998,AVERAGE,9.789285714,4.440714286,2.2175,0.888571429,0.5225,1.538214286,2.311071429,0.438902957,0.341781874,0.729782524,0.510560714,14.5225,0.165146429,0.337132143,10.14535714,14.34,1.851071429,1.544642857,14.31821429,19.24821429
1998,C,8.443396226,6.135849057,0.983018868,0.6,1.118867925,1.298113208,2.771698113,0.475459282,0.125,0.646103896,0.512509434,14.8,0.008,0.430962264,15.13584906,7.024528302,1.396226415,3.513207547,14.54528302,17.80377358
1998,PF,9.245454545,5.792424242,1.289393939,0.692424242,0.636363636,1.418181818,2.562121212,0.462778662,0.314176245,0.698461538,0.512666667,14.56060606,0.063454545,0.396439394,13.35757576,8.578787879,1.543939394,1.856060606,13.9969697,18.73787879
1998,PG,9.265454545,2.56,4.645454545,1.16,0.130909091,1.869090909,1.881818182,0.417422065,0.338668913,0.770519263,0.504381818,14.66909091,0.266654545,0.264309091,5.630909091,29.74909091,2.403636364,0.367272727,17.52545455,19.20727273
1998,SF,10.87627119,4.225423729,1.916949153,0.993220339,0.422033898,1.489830508,2.286440678,0.431979603,0.356945722,0.759456265,0.511779661,14.66610169,0.214186441,0.304084746,9.176271186,12.24576271,1.984745763,1.201694915,12.34237288,20.24915254
1998,SG,11.31914894,3.10212766,2.44893617,1.040425532,0.274468085,1.65106383,1.972340426,0.413307326,0.342793129,0.799693016,0.511106383,13.80425532,0.304808511,0.274744681,6.506382979,15.27659574,1.980851064,0.695744681,13.24042553,20.38510638
1997,AVERAGE,10.60545455,4.550181818,2.458545455,0.914909091,0.560363636,1.620363636,2.377454545,0.453089528,0.346053998,0.740284241,0.521069091,14.612,0.155178182,0.330985455,9.978545455,14.91490909,1.824,1.555636364,14.348,19.33890909
1997,C,9.671153846,6.646153846,1.219230769,0.657692308,1.298076923,1.459615385,2.836538462,0.489245983,0.230769231,0.661451815,0.520480769,15.3,0.012307692,0.4,15.33269231,7.684615385,1.386538462,3.707692308,14.55192308,18.10576923
1997,PF,10.47142857,6.403571429,1.548214286,0.771428571,0.682142857,1.589285714,2.6875,0.473951715,0.302419355,0.709139785,0.527642857,15.00178571,0.056285714,0.398125,13.7875,9.226785714,1.505357143,1.889285714,14.14821429,19.26607143
1997,PG,9.474576271,2.522033898,4.686440678,1.13559322,0.155932203,1.830508475,1.969491525,0.424004949,0.336424958,0.785870357,0.510542373,14.3559322,0.247254237,0.281016949,5.628813559,28.91525424,2.337288136,0.420338983,17.09830508,18.95423729
1997,SF,11.505,4.16,2.096666667,0.951666667,0.446666667,1.611666667,2.326666667,0.449075689,0.348968105,0.759933775,0.523933333,14.57666667,0.196183333,0.31305,8.98,12.74833333,1.898333333,1.231666667,13.05,20.40333333
1997,SG,12.03958333,3.097916667,2.577083333,1.04375,0.258333333,1.583333333,2.083333333,0.436538856,0.366744367,0.805810398,0.523395833,13.77083333,0.260895833,0.261729167,6.329166667,14.88333333,1.945833333,0.635416667,12.60208333,19.90208333
1996,AVERAGE,10.99774436,4.606390977,2.520676692,0.918796992,0.547744361,1.681954887,2.390225564,0.457466919,0.358918274,0.740271611,0.533402256,14.59323308,0.205191729,0.323785714,9.960902256,14.94924812,1.790601504,1.606015038,14.66390977,19.3481203
1996,C,9.03,6.248,1.054,0.57,1.172,1.466,2.826,0.497905613,0.297619048,0.665706052,0.53106,14.26,0.02086,0.38706,15.056,6.968,1.246,3.656,15.38,17.878
1996,PF,11.71538462,7.188461538,1.705769231,0.813461538,0.742307692,1.723076923,2.801923077,0.482906858,0.325396825,0.70416198,0.532711538,15.26538462,0.077057692,0.364942308,14.15961538,9.296153846,1.496153846,2.011538462,14.12307692,19.08269231
1996,PG,10.37413793,2.417241379,4.751724138,1.14137931,0.148275862,1.9,1.951724138,0.430572229,0.360606061,0.778397213,0.532327586,14.81896552,0.338293103,0.281724138,5.386206897,28.72241379,2.282758621,0.45,17.05172414,19.60689655
1996,SF,11.36727273,4.347272727,2.230909091,0.969090909,0.458181818,1.625454545,2.354545455,0.451870616,0.35375817,0.753039028,0.532109091,14.23454545,0.238218182,0.309163636,9.349090909,12.81090909,1.863636364,1.363636364,13.50363636,19.55090909
1996,SG,12.50588235,3.133333333,2.564705882,1.060784314,0.288235294,1.664705882,2.080392157,0.437128048,0.371529829,0.802543507,0.539019608,14.36470588,0.329568627,0.283392157,6.547058824,15.18039216,1.98627451,0.758823529,13.04901961,20.54705882
1995,AVERAGE,10.93882784,4.494505495,2.504395604,0.865567766,0.545054945,1.644322344,2.429304029,0.464724567,0.366167475,0.742709254,0.539069597,14.55238095,0.190769231,0.334978022,10.01391941,14.81098901,1.712087912,1.564835165,14.58754579,19.35164835
1995,C,9.722916667,6.370833333,1.122916667,0.575,1.260416667,1.55,2.90625,0.502045269,0.227272727,0.679523142,0.534666667,14.32916667,0.0223125,0.386854167,14.94375,7.039583333,1.15625,3.6875,15.73333333,18.06041667
1995,PF,10.37894737,6.322807018,1.405263158,0.692982456,0.685964912,1.519298246,2.722807018,0.48854476,0.322695035,0.697513013,0.536245614,14.49824561,0.061666667,0.387789474,14.12982456,8.185964912,1.398245614,1.968421053,13.97017544,18.71754386
1995,PG,11.02280702,2.512280702,5.001754386,1.152631579,0.143859649,1.956140351,2.050877193,0.438014908,0.364713217,0.789338471,0.538631579,15.1754386,0.319649123,0.299649123,5.424561404,29.18070175,2.285964912,0.440350877,16.77368421,19.79824561
1995,SF,11.93636364,4.569090909,2.241818182,0.929090909,0.467272727,1.625454545,2.425454545,0.4586155,0.372093023,0.751833741,0.539054545,14.43090909,0.226454545,0.308945455,9.563636364,12.51818182,1.770909091,1.265454545,13.07818182,19.74727273
1995,SG,11.48571429,2.969642857,2.523214286,0.935714286,0.273214286,1.553571429,2.110714286,0.449035276,0.376783398,0.794024158,0.546178571,14.28392857,0.300339286,0.298285714,6.7125,15.84107143,1.866071429,0.773214286,13.49107143,20.26071429
1994,AVERAGE,11.16445313,4.559765625,2.566015625,0.892578125,0.56484375,1.67734375,2.468359375,0.468640658,0.358362573,0.737235858,0.539832031,14.65351563,0.175003906,0.335585938,10.14257813,14.865625,1.75703125,1.5984375,14.62460938,19.4296875
1994,C,10.14489796,6.506122449,1.165306122,0.595918367,1.234693878,1.569387755,3.002040816,0.506652752,0.303030303,0.687703318,0.537428571,14.47346939,0.025428571,0.383510204,14.94285714,7.23877551,1.197959184,3.510204082,15.24081633,18.12857143
1994,PF,10.34576271,6.384745763,1.593220339,0.745762712,0.706779661,1.554237288,2.7,0.490845505,0.317808219,0.688850967,0.537915254,14.61016949,0.073355932,0.366627119,14.33050847,9.337288136,1.479661017,2.040677966,14.56779661,18.52881356
1994,PG,10.81153846,2.494230769,5.384615385,1.215384615,0.15,2.023076923,2.005769231,0.446397188,0.363707165,0.792603336,0.538865385,15.19423077,0.293769231,0.300788462,5.369230769,30.31730769,2.369230769,0.425,17.50769231,19.22692308
1994,SF,12.12653061,4.142857143,2.110204082,0.918367347,0.434693878,1.610204082,2.410204082,0.456535335,0.362254025,0.75210902,0.541653061,14.59387755,0.213163265,0.334938776,9.112244898,12.45714286,1.86122449,1.206122449,13.00612245,20.65306122
1994,SG,12.64255319,2.959574468,2.604255319,1.00212766,0.282978723,1.631914894,2.193617021,0.449076955,0.364797729,0.781339031,0.543914894,14.35957447,0.287361702,0.285829787,6.236170213,15.17234043,1.90212766,0.757446809,12.55106383,20.86595745
1993,AVERAGE,11.0972549,4.58745098,2.675686275,0.958823529,0.550588235,1.677254902,2.311372549,0.4671869,0.331871345,0.738108108,0.524596078,14.57372549,0.110792157,0.317090196,9.821176471,15.15098039,1.858823529,1.358039216,14.17137255,19.63333333
1993,C,11.23571429,6.745238095,1.516666667,0.70952381,1.361904762,1.721428571,2.880952381,0.504208526,0.235294118,0.682843472,0.53502381,15.28571429,0.009333333,0.373190476,14.36904762,8.576190476,1.371428571,3.185714286,14.82619048,19.07380952
1993,PF,10.2440678,6.569491525,1.644067797,0.759322034,0.650847458,1.501694915,2.613559322,0.484673935,0.302904564,0.703204047,0.529576271,14.49322034,0.056423729,0.368915254,14.10677966,9.293220339,1.494915254,1.683050847,13.98983051,18.17627119
1993,PG,10.10555556,2.407407407,5.035185185,1.237037037,0.138888889,1.901851852,1.825925926,0.44682217,0.336305732,0.782239382,0.5155,14.45185185,0.173851852,0.272,5.285185185,28.42592593,2.45,0.37037037,16.73333333,19.25925926
1993,SF,11.56382979,4.346808511,2.055319149,0.934042553,0.476595745,1.54893617,2.274468085,0.457284269,0.328267477,0.741167435,0.518595745,14.24680851,0.130361702,0.295851064,9.414893617,11.76595745,1.814893617,1.238297872,12.3787234,20.68510638
1993,SG,12.53396226,3.105660377,2.888679245,1.116981132,0.281132075,1.722641509,2.050943396,0.452836943,0.34086444,0.790518898,0.525377358,14.51320755,0.170113208,0.279716981,6.428301887,16.35849057,2.086792453,0.660377358,12.83396226,21.14716981
1992,AVERAGE,11.44224806,4.64496124,2.695348837,0.921705426,0.567054264,1.658527132,2.453488372,0.475422811,0.335725678,0.756021756,0.532410853,14.40542636,0.098751938,0.323581395,9.994186047,14.61124031,1.72248062,1.344573643,14.17906977,19.23062016
1992,C,9.7,6.5,1.308695652,0.602173913,1.234782609,1.52173913,2.834782609,0.499855949,0.216216216,0.693892045,0.531913043,13.84565217,0.012304348,0.394043478,14.90217391,7.563043478,1.267391304,2.965217391,15.84130435,17.29782609
1992,PF,11.27580645,6.593548387,1.703225806,0.746774194,0.714516129,1.633870968,2.783870968,0.489048474,0.271653543,0.734765235,0.538209677,14.66451613,0.045677419,0.364177419,13.88709677,9.235483871,1.391935484,1.714516129,14.11451613,19.10645161
1992,PG,10.44423077,2.503846154,5.340384615,1.25,0.15,1.859615385,2.048076923,0.458711534,0.34439834,0.801697531,0.526826923,14.60192308,0.167596154,0.276307692,5.3,28.52115385,2.365384615,0.355769231,16.31538462,18.33461538
1992,SF,11.6754717,4.1,2.062264151,0.883018868,0.441509434,1.511320755,2.266037736,0.470269223,0.331550802,0.759813706,0.526867925,13.93018868,0.100735849,0.296358491,9.020754717,11.68490566,1.68490566,1.075471698,12.38490566,20.0754717
1992,SG,14.33111111,3.18,3.168888889,1.155555556,0.311111111,1.773333333,2.297777778,0.464333018,0.353697749,0.799074686,0.537911111,14.95333333,0.178355556,0.282311111,6.184444444,16.59555556,1.944444444,0.637777778,12.21333333,21.41777778
1991,AVERAGE,11.65060241,4.803212851,2.681124498,0.936947791,0.622891566,1.6437751,2.362650602,0.475110851,0.33218842,0.761440563,0.526911647,14.59799197,0.080108434,0.310879518,10.08955823,14.32891566,1.724497992,1.443373494,13.61365462,19.51526104
1991,C,9.193877551,6.3,1.204081633,0.595918367,1.324489796,1.351020408,2.716326531,0.491019619,0.279069767,0.699850299,0.523204082,13.63265306,0.013979592,0.36144898,14.44081633,7.036734694,1.206122449,3.189795918,14.64081633,16.60816327
1991,PF,11.40925926,7.051851852,1.564814815,0.725925926,0.733333333,1.518518519,2.644444444,0.496191064,0.296052632,0.745986239,0.542518519,15.10740741,0.036018519,0.355981481,14.35925926,8.246296296,1.333333333,1.688888889,12.85740741,18.62962963
1991,PG,10.51176471,2.423529412,5.294117647,1.27254902,0.176470588,1.894117647,1.896078431,0.450401563,0.329770992,0.795869738,0.513254902,14.45882353,0.142686275,0.267137255,5.2,28.35294118,2.421568627,0.398039216,16.09803922,19.2372549
1991,SF,13.24791667,4.647916667,2.266666667,0.941666667,0.533333333,1.652083333,2.30625,0.475075529,0.330708661,0.768414068,0.528541667,14.99166667,0.090916667,0.2895,9.45,11.72708333,1.679166667,1.239583333,11.92083333,21.55416667
1991,SG,14.09361702,3.4,3.091489362,1.165957447,0.340425532,1.812765957,2.234042553,0.466799349,0.347058824,0.797402597,0.526,14.76808511,0.120765957,0.275638298,6.606382979,16.35957447,2.004255319,0.682978723,12.44468085,21.78297872
1990,AVERAGE,11.51589147,4.645736434,2.679457364,0.921705426,0.571317829,1.679844961,2.437596899,0.475663444,0.322368421,0.766756722,0.529093023,14.38372093,0.077600775,0.325236434,10.01395349,14.5379845,1.705426357,1.34379845,14.26046512,19.44612403
1990,C,9.190740741,6.592592593,1.103703704,0.594444444,1.205555556,1.453703704,2.807407407,0.4915,0.225806452,0.711111111,0.5295,13.09259259,0.015592593,0.369833333,14.80925926,6.166666667,1.125925926,2.903703704,15.12592593,16.50555556
1990,PF,10.94615385,6.186538462,1.525,0.721153846,0.675,1.575,2.778846154,0.489818504,0.245454545,0.731591449,0.534403846,13.93269231,0.026365385,0.381153846,13.54038462,8.280769231,1.378846154,1.65,14.41153846,18.53076923
1990,PG,11.31886792,2.577358491,5.577358491,1.288679245,0.154716981,1.962264151,2.054716981,0.461182623,0.331938633,0.800544588,0.528811321,15.33396226,0.142584906,0.289698113,5.326415094,29.21132075,2.341509434,0.349056604,16.00188679,19.25471698
1990,SF,13.46041667,4.779166667,2.310416667,0.966666667,0.49375,1.758333333,2.435416667,0.478071834,0.314496314,0.778793419,0.530666667,14.87708333,0.078708333,0.310229167,9.495833333,12.21666667,1.69375,1.047916667,12.77291667,21.20208333
1990,SG,12.93333333,3.037254902,2.860784314,1.049019608,0.3,1.658823529,2.098039216,0.463348416,0.338235294,0.812215724,0.522058824,14.75882353,0.126921569,0.272058824,6.7,16.71764706,2.001960784,0.692156863,12.78039216,22.03921569
1989,AVERAGE,11.61124031,4.616666667,2.682945736,0.917829457,0.539922481,1.662790698,2.431395349,0.478680015,0.32788671,0.767634855,0.530391473,14.3496124,0.073139535,0.329686047,9.912403101,14.2627907,1.695348837,1.248062016,14.05930233,19.33023256
1989,C,9.792156863,6.47254902,1.160784314,0.598039216,1.166666667,1.460784314,2.803921569,0.488765463,0.282352941,0.729513658,0.53372549,13.62156863,0.025411765,0.381843137,14.62156863,6.47254902,1.176470588,2.77254902,14.69411765,17.29411765
1989,PF,11.16981132,5.898113208,1.413207547,0.722641509,0.677358491,1.549056604,2.803773585,0.49555411,0.251968504,0.735606484,0.536509434,14.06981132,0.027962264,0.383679245,13.13018868,8.116981132,1.40754717,1.639622642,14.06415094,19.01509434
1989,PG,10.21764706,2.615686275,5.643137255,1.241176471,0.125490196,1.894117647,1.894117647,0.457432121,0.341021417,0.81023622,0.519431373,14.45882353,0.134176471,0.279568627,5.429411765,29.13333333,2.27254902,0.278431373,16.6627451,17.81960784
1989,SF,13.32857143,4.712244898,2.240816327,0.914285714,0.471428571,1.695918367,2.465306122,0.483025273,0.303977273,0.773189707,0.534489796,14.86938776,0.060714286,0.324020408,9.46122449,11.93673469,1.653061224,0.981632653,12.35918367,21.07346939
1989,SG,13.52037037,3.409259259,2.972222222,1.109259259,0.266666667,1.716666667,2.190740741,0.470675698,0.34887218,0.797328688,0.52787037,14.73703704,0.116185185,0.279907407,6.95,15.71851852,1.961111111,0.581481481,12.53888889,21.40740741
1988,AVERAGE,11.65168067,4.655882353,2.745798319,0.962184874,0.573529412,1.790336134,2.462605042,0.478621853,0.319110577,0.773327828,0.530768908,14.29033613,0.071647059,0.326298319,10.04201681,14.35504202,1.742436975,1.334033613,14.88991597,19.30798319
1988,C,8.710714286,5.8125,1.041071429,0.551785714,1.083928571,1.45,2.707142857,0.491490459,0.263888889,0.714873201,0.527464286,12.575,0.021392857,0.373375,14.28392857,6.098214286,1.164285714,2.739285714,15.79642857,16.87678571
1988,PF,10.97659574,6.157446809,1.431914894,0.780851064,0.70212766,1.612765957,2.665957447,0.498349835,0.299401198,0.75511509,0.54606383,14.18085106,0.044340426,0.380744681,13.17659574,7.908510638,1.463829787,1.629787234,14.78723404,18.0893617
1988,PG,10.94347826,2.795652174,6,1.363043478,0.147826087,2.145652174,2.043478261,0.461298077,0.320072333,0.821862348,0.524934783,15.07173913,0.129478261,0.293847826,5.6,30.50434783,2.419565217,0.308695652,17.79130435,18.44130435
1988,SF,14.45909091,4.845454545,2.302272727,0.997727273,0.522727273,1.952272727,2.593181818,0.478656801,0.285714286,0.781329923,0.527363636,15.00454545,0.053318182,0.301068182,9.540909091,11.86818182,1.725,1.081818182,12.92272727,22.08863636
1988,SG,13.99555556,3.364444444,3.346666667,1.217777778,0.288888889,1.877777778,2.246666667,0.468056872,0.347008547,0.801939058,0.5282,15.04222222,0.121511111,0.268688889,6.52,17.28666667,2.077777778,0.571111111,12.82666667,21.77333333
1987,AVERAGE,11.64541284,4.667431193,2.728440367,0.904587156,0.573394495,1.747706422,2.515137615,0.483787353,0.310909091,0.766209112,0.535302752,14.47568807,0.052055046,0.342472477,10.1353211,14.45963303,1.682110092,1.341743119,14.7440367,19.38623853
1987,C,9.864,6.21,1.306,0.57,1.126,1.66,2.916,0.494471587,0.12,0.727456258,0.53826,13.21,0.00642,0.39626,14.192,7.174,1.106,2.734,16.118,17.442
1987,PF,10.89782609,6.32826087,1.389130435,0.695652174,0.645652174,1.617391304,2.839130435,0.499607638,0.25,0.737240076,0.543586957,14.07391304,0.023934783,0.400934783,13.92173913,7.930434783,1.352173913,1.554347826,14.93478261,18.5
1987,PG,10.32564103,2.551282051,5.874358974,1.302564103,0.151282051,1.974358974,2.005128205,0.467166417,0.318181818,0.806875632,0.528025641,14.98461538,0.098564103,0.286717949,5.312820513,30.43846154,2.438461538,0.335897436,17.32820513,18.06923077
1987,SF,14.05238095,4.514285714,2.252380952,0.871428571,0.49047619,1.761904762,2.419047619,0.486413043,0.307692308,0.78243513,0.53752381,15.42142857,0.043357143,0.335452381,9.402380952,12.06666667,1.592857143,1.083333333,12.66904762,21.85238095
1987,SG,13.44634146,3.092682927,3.46097561,1.202439024,0.304878049,1.770731707,2.246341463,0.470970537,0.330210773,0.796570538,0.52704878,15.01707317,0.103926829,0.271512195,6.27804878,17.92195122,2.126829268,0.626829268,12.52195122,21.47804878
1986,AVERAGE,11.40482456,4.575877193,2.680701754,0.893421053,0.573245614,1.71622807,2.500438596,0.482544237,0.303956835,0.763641425,0.53222807,14.23157895,0.052109649,0.350938596,10.01315789,14.41008772,1.698684211,1.316666667,14.5995614,19.30482456
1986,C,9.960465116,6.381395349,1.297674419,0.560465116,1.146511628,1.551162791,2.865116279,0.498189499,0.111111111,0.736526946,0.540139535,13.53023256,0.004139535,0.413790698,14.32325581,6.951162791,1.125581395,2.648837209,15.05813953,17.30930233
1986,PF,10.96792453,6.456603774,1.505660377,0.709433962,0.767924528,1.681132075,2.873584906,0.496796996,0.209876543,0.732656514,0.539886792,13.90943396,0.018377358,0.402169811,13.91886792,8.230188679,1.350943396,1.764150943,15.03207547,18.38679245
1986,PG,10.7452381,2.6,5.780952381,1.29047619,0.161904762,1.978571429,2.135714286,0.462694579,0.298765432,0.805317324,0.526619048,14.68809524,0.114619048,0.305190476,5.24047619,29.27380952,2.292857143,0.342857143,16.73333333,18.23809524
1986,SF,12.16041667,4.210416667,2.195833333,0.829166667,0.466666667,1.6375,2.34375,0.489614885,0.314655172,0.763613861,0.5363125,14.69166667,0.046479167,0.354833333,9.633333333,12.48125,1.6875,1.1375,13.55416667,20.55416667
1986,SG,13.23095238,2.747619048,3.033333333,1.142857143,0.273809524,1.757142857,2.2,0.466638424,0.327272727,0.796597061,0.515404762,14.37380952,0.087714286,0.263238095,5.878571429,17.18571429,2.142857143,0.566666667,12.6452381,22.1452381
1985,AVERAGE,11.70995475,4.603167421,2.771945701,0.916289593,0.563348416,1.845248869,2.596832579,0.490658277,0.27154047,0.758445946,0.538954751,14.52036199,0.039755656,0.350710407,9.969230769,14.71357466,1.695927602,1.221719457,15.31221719,19.43710407
1985,C,11.28409091,6.829545455,1.434090909,0.622727273,1.429545455,1.829545455,3.115909091,0.508869473,0,0.725795971,0.549386364,14.59318182,0.003977273,0.415613636,14.85909091,7.493181818,1.129545455,3.1,16.28863636,18.04318182
1985,PF,10.66304348,6.534782609,1.606521739,0.708695652,0.643478261,1.891304348,3,0.505149195,0.15,0.703412073,0.548326087,13.5673913,0.0105,0.417695652,14.33043478,8.5,1.347826087,1.393478261,17,18.08478261
1985,PG,10.86666667,2.447619048,5.557142857,1.335714286,0.138095238,2.026190476,2.133333333,0.47170315,0.287128713,0.798821549,0.535047619,15.15238095,0.084761905,0.319119048,5.045238095,28.65,2.4,0.311904762,16.80952381,18.79047619
1985,SF,13.91333333,4.413333333,2.36,0.908888889,0.391111111,1.828888889,2.462222222,0.491252765,0.280701754,0.782195846,0.540733333,15.56222222,0.041244444,0.334866667,9.406666667,12.56444444,1.693333333,0.846666667,13.03777778,21.70444444
1985,SG,11.78181818,2.609090909,3.090909091,1.034090909,0.195454545,1.656818182,2.236363636,0.477952936,0.280334728,0.797945205,0.520636364,13.775,0.061636364,0.262136364,5.795454545,17.325,1.956818182,0.415909091,13.46818182,20.54318182
1984,AVERAGE,11.721875,4.55625,2.775,0.888392857,0.554464286,1.842857143,2.551339286,0.493597372,0.2875,0.766098758,0.538723214,14.23392857,0.033705357,0.333959821,9.977232143,14.39821429,1.634375,1.236160714,15.72098214,19.23258929
1984,C,9.934,6.328,1.386,0.518,1.15,1.718,2.834,0.512046598,0,0.728656519,0.5496,13.546,0.00478,0.3982,14.55,7.524,1.028,2.692,17.336,17.196
1984,PF,11.23617021,6.29787234,1.627659574,0.717021277,0.691489362,1.844680851,2.961702128,0.503283873,0.133333333,0.738591917,0.546978723,13.9106383,0.007553191,0.378340426,13.8106383,8.727659574,1.342553191,1.534042553,16.34255319,18.73404255
1984,PG,10.94634146,2.565853659,5.726829268,1.402439024,0.17804878,2.063414634,2.197560976,0.470885403,0.281632653,0.797814208,0.526414634,14.5902439,0.070487805,0.286439024,5.109756098,28.14878049,2.453658537,0.356097561,17.49756098,18.25853659
1984,SF,13.39777778,4.144444444,2.237777778,0.82,0.362222222,1.715555556,2.275555556,0.493770764,0.292993631,0.779834078,0.531933333,14.74444444,0.032577778,0.327977778,9.108888889,12.26444444,1.562222222,0.768888889,13.24444444,21.26444444
1984,SG,13.39512195,2.841463415,3.42195122,1.097560976,0.258536585,1.912195122,2.392682927,0.488110964,0.31884058,0.800986842,0.535756098,14.52682927,0.063414634,0.258829268,5.826829268,17.87317073,1.968292683,0.512195122,13.9804878,21.03170732
1983,AVERAGE,11.51238938,4.44159292,2.740707965,0.884513274,0.55,1.831858407,2.619469027,0.494179894,0.228980322,0.762815936,0.538774336,14.41460177,0.027106195,0.342327434,9.901327434,14.74247788,1.65840708,1.232300885,15.62654867,19.45707965
1983,C,10.85882353,6.509803922,1.592156863,0.588235294,1.096078431,1.860784314,3.011764706,0.515498331,0.066666667,0.735597332,0.555862745,14.41568627,0.004372549,0.39354902,14.74117647,8.480392157,1.11372549,2.484313725,17.0627451,18.2372549
1983,PF,10.89756098,6.175609756,1.77804878,0.73902439,0.753658537,1.719512195,2.948780488,0.507821553,0.162162162,0.743369735,0.548804878,14.1804878,0.009804878,0.390804878,13.67073171,9.443902439,1.385365854,1.748780488,16.16097561,17.71463415
1983,PG,10.08863636,2.211363636,5.456818182,1.297727273,0.170454545,2.018181818,2.227272727,0.466914696,0.23902439,0.777973568,0.516295455,14.15454545,0.056659091,0.301477273,4.934090909,28.25,2.436363636,0.35,17.50681818,18.65681818
1983,SF,13.39111111,4.46,2.142222222,0.826666667,0.424444444,1.806666667,2.535555556,0.496977277,0.18556701,0.767701863,0.539177778,14.90222222,0.022488889,0.341066667,9.7,11.71777778,1.515555556,0.902222222,13.82888889,21.17777778
1983,SG,12.32666667,2.68,2.862222222,1.006666667,0.242222222,1.744444444,2.342222222,0.483856894,0.263414634,0.796533534,0.531844444,14.39333333,0.044355556,0.281311111,6.04,16.48444444,1.906666667,0.535555556,13.47111111,21.48888889
1982,AVERAGE,11.64136364,4.660454545,2.780454545,0.940454545,0.592727273,2,2.65,0.487469148,0.229287091,0.743127535,0.52615,14.53590909,0.02455,0.32215,9.899545455,14.70636364,1.72,1.275454545,16.31727273,19.62181818
1982,C,10.65652174,6.695652174,1.695652174,0.623913043,1.267391304,1.960869565,3.02173913,0.507170795,0.166666667,0.717437722,0.5355,14.61956522,0.004717391,0.366456522,14.6173913,8.997826087,1.182608696,2.82826087,17.81086957,18.10217391
1982,PF,11.64047619,6.833333333,1.802380952,0.823809524,0.802380952,1.966666667,3.05952381,0.497074536,0.155555556,0.717551622,0.535357143,14.71904762,0.010214286,0.357761905,14.08095238,9.242857143,1.483333333,1.680952381,16.26428571,18.86904762
1982,PG,10.85227273,2.293181818,5.138636364,1.35,0.163636364,2.245454545,2.256818182,0.46060899,0.220588235,0.772344013,0.510386364,14.14545455,0.05025,0.289568182,4.825,26.30681818,2.370454545,0.313636364,17.97272727,19.46363636
1982,SF,12.58510638,4.457446809,2.153191489,0.861702128,0.436170213,1.889361702,2.578723404,0.492622951,0.226804124,0.741780822,0.525957447,14.4893617,0.020191489,0.303829787,9.480851064,11.85744681,1.60212766,0.895744681,14.72765957,20.61276596
1982,SG,12.51219512,2.924390244,3.187804878,1.065853659,0.26097561,1.941463415,2.317073171,0.481092437,0.267080745,0.7736,0.523365854,14.72682927,0.038902439,0.291926829,6.248780488,17.52439024,2.002439024,0.585365854,14.74146341,21.13170732
1981,AVERAGE,11.46502242,4.561883408,2.649775785,0.89058296,0.566816143,1.820627803,2.689237668,0.492569719,0.256029685,0.747578602,0.532757848,14.52466368,0.027457399,0.328130045,10.07757848,14.11524664,1.665470852,1.304035874,15.46950673,19.55426009
1981,C,10.86744186,6.739534884,1.560465116,0.574418605,1.21627907,1.811627907,3.076744186,0.516778523,0.1,0.732984293,0.547139535,14.80232558,0.003604651,0.377488372,14.8744186,8.553488372,1.106976744,2.797674419,17.01395349,18.00465116
1981,PF,10.02244898,5.918367347,1.532653061,0.691836735,0.76122449,1.648979592,2.912244898,0.497738693,0.074074074,0.706806283,0.527897959,13.79591837,0.00822449,0.333428571,13.87755102,8.697959184,1.432653061,1.859183673,15.79591837,18.3122449
1981,PG,10.91388889,2.355555556,5.441666667,1.394444444,0.161111111,2.047222222,2.433333333,0.470814815,0.272727273,0.770652174,0.518666667,14.15,0.058444444,0.280638889,4.747222222,26.58333333,2.386111111,0.338888889,16.96666667,18.48888889
1981,SF,12.54693878,4.669387755,2.332653061,0.918367347,0.412244898,1.836734694,2.702040816,0.501631321,0.228915663,0.747536946,0.540755102,14.9755102,0.016346939,0.340816327,9.983673469,12.45918367,1.665306122,0.881632653,14.46326531,20.30204082
1981,SG,12.83913043,2.693478261,3.010869565,0.973913043,0.234782609,1.817391304,2.276086957,0.476589654,0.279835391,0.782987274,0.527,14.85434783,0.057826087,0.3,5.817391304,17.09130435,1.87173913,0.52173913,13.57826087,22.36304348
1980,AVERAGE,11.77281106,4.669585253,2.805069124,0.979723502,0.575576037,1.990322581,2.660829493,0.48880525,0.217002237,0.754229872,0.531299539,14.64700461,0.022645161,0.336732719,9.918894009,14.78571429,1.776958525,1.242396313,16.32626728,19.43870968
1980,C,11.36046512,7.055813953,1.93255814,0.655813953,1.162790698,1.960465116,3.039534884,0.508192389,0,0.722222222,0.542255814,15.12325581,0.003418605,0.381790698,14.85813953,10.16744186,1.18372093,2.488372093,17.15813953,18.20697674
1980,PF,10.70232558,6.504651163,1.748837209,0.802325581,0.811627907,1.876744186,3.06744186,0.492216855,0.125,0.695652174,0.531465116,14.3744186,0.008348837,0.369860465,14.23255814,9.313953488,1.511627907,1.830232558,16.24186047,18.57674419
1980,PG,10.07674419,2.186046512,4.625581395,1.269767442,0.162790698,2.155813953,2.395348837,0.47094632,0.225165563,0.795373665,0.523116279,13.46744186,0.046186047,0.319023256,4.88372093,24.36046512,2.406976744,0.36744186,19.36744186,18.38372093
1980,SF,12.87333333,4.722222222,2.426666667,0.968888889,0.471111111,1.888888889,2.56,0.491399448,0.166666667,0.770315648,0.535244444,15.12666667,0.015088889,0.324177778,9.742222222,12.82444444,1.682222222,0.986666667,14.52222222,20.23555556
1980,SG,13.8,2.876744186,3.309302326,1.202325581,0.274418605,2.074418605,2.246511628,0.481905541,0.251282051,0.791014295,0.524232558,15.12093023,0.040534884,0.289395349,5.886046512,17.35348837,2.104651163,0.551162791,14.4255814,21.75348837
1979,AVERAGE,11.91619048,4.820952381,2.809047619,1.02,0.57,2.01047619,2.591904762,0.482998791,0.278582931,0.765472824,0.525566667,14.57428571,0.030652381,0.309633333,9.849047619,14.60095238,1.824761905,1.19047619,16.00333333,19.57047619
1979,C,11.58947368,7.794736842,2.223684211,0.734210526,1.155263158,2.005263158,3.076315789,0.509860789,0,0.727868852,0.542710526,15.48421053,0.003078947,0.354184211,15.26578947,10.93947368,1.273684211,2.363157895,16.96315789,17.67631579
1979,PF,11.11463415,6.570731707,1.792682927,0.836585366,0.775609756,2,2.936585366,0.482703566,0.254237288,0.719215686,0.523512195,14.29756098,0.012707317,0.338926829,14.01219512,9.482926829,1.536585366,1.719512195,16.27317073,19.13902439
1979,PG,9.488095238,2.176190476,4.428571429,1.252380952,0.161904762,1.980952381,2.161904762,0.460153483,0.276836158,0.792836399,0.509642857,12.7452381,0.055238095,0.308952381,4.795238095,23.44047619,2.35,0.35,18.81904762,17.66428571
1979,SF,13.09183673,4.87755102,2.373469388,1.032653061,0.502040816,1.948979592,2.548979592,0.490537472,0.262711864,0.788639366,0.534244898,15.38979592,0.024163265,0.289734694,9.844897959,12.46326531,1.82244898,1.026530612,14.28979592,20.72040816
1979,SG,14.1575,2.91,3.24,1.22,0.315,2.1325,2.2825,0.471753179,0.301158301,0.796827795,0.517475,14.915,0.057375,0.262375,5.7475,16.6625,2.095,0.6175,13.9575,22.405
